product_name,manufacturer,pages
"EGC5 - AL - ½"" Eggcrate Grid, Aluminum",Unknown Manufacturer,"[1, 5]"
"TGF - 12 - GP - 1A Ceiling Diffuser, 12"" x 12"", Galvanized Paint",Unknown Manufacturer,"[1, 5]"
VAV Controller - Advanced Control System,Unknown Manufacturer,"[1, 5]"
ps-1270 Battery 12V 7AH,Power Sonic,"[2, 8]"
psn-106b Power Booster 10 Amp,Potter,"[2, 8]"
fmm-101 Monitor Module Mini,Notifier,"[2, 8]"
scwled Strobe/White/Ceiling,System Sensor,"[2, 8]"
pc2wled Horn/Strobe White/Ceiling,System Sensor,"[2, 8]"
battery supplied: 2 12 vdc 7amp hour,unknown,"[1, 9]"
fabp8-1 PC2 LED Series Ceiling,unknown,"[1, 10]"
fabp8-2,unknown,"[1, 10]"
fabp8-3 totals,unknown,"[1, 10]"
PSN-106 Black Enclosure,Potter,"[1, 11]"
"FMM-1, FMM-101, FZM-1, FDM-1 Monitor Modules",Notifier,"[1, 11]"
PS-1270 Batteries,Power Sonic,"[1, 11]"
L Series Indoor LED Horn Strobes and Strobes,System Sensor,"[1, 11]"
PSN-64 Notification Power Supply,Unknown,"[1, 12]"
PSN-106 Notification Power Supply,Unknown,"[1, 12]"
"psn-106 10 a power supply, 6 n red enclosure",unknown,"[1, 13]"
"psn-106b 10 a power supply, 6 n black enclosure",unknown,"[1, 13]"
"psn-64 6 a power supply, 4 n red enclosure",unknown,"[1, 13]"
fmm-1(a) Monitor Module,Notifier,"[1, 16]"
fmm-101(a) Miniature Monitor Module,Notifier,"[1, 16]"
fzm-1(a) Monitor Module,Notifier,"[1, 16]"
fdm-1(a) Dual Monitor Module,Notifier,"[1, 16, 18]"
fmm-101(a) Mini Monitor Module,Unknown,"[1, 17]"
fzm-1(a) Interface Module,Unknown,"[1, 17]"
"fmm-101(a) monitor module, miniature",unknown,"[1, 18]"
"fzm-1(a) monitor module, two-wire detectors",unknown,"[1, 18]"
"fdm-1(a) monitor module, dual, two independent class b circuits",unknown,"[1, 18]"
smb500 optional surface-mount backbox,unknown,"[1, 18]"
ps-1270 12v 6.5 ah @ 10-hr. rechargeable sealed lead acid battery,unknown,"[1, 20]"
Power Sonic Battery Charger,Power Sonic Corporation,"[1, 21]"
L-Series and L-Series with LED Audible Visible Notification Products,System Sensor,"[1, 22]"
L-Series LED Strobe Light,Unknown,"[1, 23]"
"a0617-00 Compact Strobe, Horn Strobe for Wall",Unknown,"[1, 24]"
a0547-00 Compact Horn for Wall,Unknown,"[1, 24]"
a0557-00 Compact Surface Mount Back Box for Walls,Unknown,"[1, 24]"
"a0613-00 Strobes, Horn Strobes for Walls",Unknown,"[1, 24]"
a0549-00 Horn Surface Mount Back Box for Walls,Unknown,"[1, 24]"
a0554-01 Surface Mount Back Box for Walls,Unknown,"[1, 24]"
a0608-00 Strobes and Horn Strobes for Ceilings,Unknown,"[1, 24]"
a0546-00 Surface Mount Back Box for Ceilings,Unknown,"[1, 24]"
"P2RLED 2-wire, horn strobe, wall, red","Honeywell International, Inc.","[1, 25]"
"P2RLED-B 2-wire, horn strobe, wall, red, bilingual","Honeywell International, Inc.","[1, 25]"
"P2WLED 2-wire, horn strobe, wall, white","Honeywell International, Inc.","[1, 25]"
"P2GRLED 2-wire, compact horn strobe, wall, red","Honeywell International, Inc.","[1, 25]"
"PC2RLED 2-wire, horn strobe, ceiling, red","Honeywell International, Inc.","[1, 25]"
"SRLED Strobe, wall, red","Honeywell International, Inc.","[1, 25]"
"SWLED Strobe, wall, white","Honeywell International, Inc.","[1, 25]"
"HRL* Horn, red","Honeywell International, Inc.","[1, 25]"
"HWL* Horn, white","Honeywell International, Inc.","[1, 25]"
LENS-A3 Lens LED amber wall/ceiling,"Honeywell International, Inc.","[1, 25]"
"EGC5 - AL - ½"" Eggcrate Grid",Acme Products,"[1, 26]"
Model 2500 Steel Frame,XYZ Manufacturing,"[1, 26]"
HVAC-1000 Ceiling Diffuser,AeroVent,"[1, 26]"
